[
  {
    "movies": [
      "Braveheart", 
      "The Expendables 3", 
      "Signs"
    ], 
    "_id": "Mel Gibson", 
    "img": "/6VGgL0bBvPIJ9vDOyyGf5nK2zL4.jpg", 
    "popularity": 16.142882
  }, 
  {
    "movies": [
      "Fight Club", 
      "Inglourious Basterds", 
      "World War Z"
    ], 
    "_id": "Brad Pitt", 
    "img": "/kc3M04QQAuZ9woUvH3Ju5T7ZqG5.jpg", 
    "popularity": 16.080298
  }, 
  {
    "movies": [
      "The Day After Tomorrow", 
      "Mystic River", 
      "Beautiful Creatures"
    ], 
    "_id": "Emmy Rossum", 
    "img": "/cFGVEMOjKyVLkCSVdKYMy9UqHBD.jpg", 
    "popularity": 16.03406
  }, 
  {
    "movies": [
      "Face/Off", 
      "P.S. I Love You", 
      "LOL"
    ], 
    "_id": "Gina Gershon", 
    "img": "/jaUQhGVmemkSyS5O0fcRkhGTOUq.jpg", 
    "popularity": 15.870324
  }, 
  {
    "movies": [
      "Harry Potter and the Philosopher's Stone", 
      "Harry Potter and the Deathly Hallows: Part 2", 
      "Harry Potter and the Prisoner of Azkaban"
    ], 
    "_id": "Emma Watson", 
    "img": "/eIVJZrG7zDOmSsmrR1Z3IkBkLbK.jpg", 
    "popularity": 15.786733
  }, 
  {
    "movies": [
      "The Flash", 
      "Arrow", 
      "Supergirl"
    ], 
    "_id": "Grant Gustin", 
    "img": "/kshIWLAwqVXi3Ex2hSD3OUWOpBv.jpg", 
    "popularity": 15.756015
  }, 
  {
    "movies": [
      "The Secret Life of Pets", 
      "This Is the End", 
      "The 40 Year Old Virgin"
    ], 
    "_id": "Kevin Hart", 
    "img": "/9zxRAhWMxhVrgDnUysvTGLW7fcW.jpg", 
    "popularity": 15.746585
  }, 
  {
    "movies": [
      "Inception", 
      "The Dark Knight Rises", 
      "Midnight in Paris"
    ], 
    "_id": "Marion Cotillard", 
    "img": "/mcDy3ngzKTUEurqcF4pELiPPrnW.jpg", 
    "popularity": 15.67989
  }, 
  {
    "movies": [
      "Everest", 
      "Vikings", 
      "Doctor Who"
    ], 
    "_id": "Clive Standen", 
    "img": "/euJCWcex56bTA9TZ9qrOtVVd1gV.jpg", 
    "popularity": 15.53234
  }, 
  {
    "movies": [
      "LelleBelle", 
      "Madly in Love", 
      "Timboektoe"
    ], 
    "_id": "Anna Raadsveld", 
    "img": "/hNeOrwFVEfjUgRsjSUNU6t1gt2N.jpg", 
    "popularity": 15.328329
  }, 
  {
    "movies": [
      "The Flash", 
      "Arrow", 
      "Family Guy"
    ], 
    "_id": "Danielle Panabaker", 
    "img": "/igWYX1O66gY5RKEXiQvrV5OYxky.jpg", 
    "popularity": 15.2238
  }, 
  {
    "movies": [
      "The Silence of the Lambs", 
      "Elysium", 
      "Taxi Driver"
    ], 
    "_id": "Jodie Foster", 
    "img": "/eAIE6bnOQ8rm0f933gyeAQdIwrP.jpg", 
    "popularity": 15.162909
  }, 
  {
    "movies": [
      "The Equalizer", 
      "Flight", 
      "The Book of Eli"
    ], 
    "_id": "Denzel Washington", 
    "img": "/t9arcZbg1nLt8GZt2SkWm227YoK.jpg", 
    "popularity": 15.135384
  }, 
  {
    "movies": [
      "The Secret Life of Pets", 
      "Identity Thief", 
      "Bad Teacher"
    ], 
    "_id": "Eric Stonestreet", 
    "img": "/tBWsJGp3MSZg1nW3HKsQBRw8RTd.jpg", 
    "popularity": 14.725291
  }, 
  {
    "movies": [
      "The Matrix", 
      "John Wick", 
      "The Matrix Reloaded"
    ], 
    "_id": "Keanu Reeves", 
    "img": "/cEIZlUQvnlXfoxF0mPJsvDPh2Po.jpg", 
    "popularity": 14.674675
  }, 
  {
    "movies": [
      "Jurassic World", 
      "Men in Black", 
      "Full Metal Jacket"
    ], 
    "_id": "Vincent D'Onofrio", 
    "img": "/lUEn7f7xCLuT1kRCHoxMTRnYKXW.jpg", 
    "popularity": 14.644545
  }, 
  {
    "movies": [
      "Drive", 
      "The Notebook", 
      "Crazy, Stupid, Love."
    ], 
    "_id": "Ryan Gosling", 
    "img": "/5rOcicCrTCWye0O2S3dnbnWaCr1.jpg", 
    "popularity": 14.540581
  }, 
  {
    "movies": [
      "The Avengers", 
      "Thor", 
      "Avengers: Age of Ultron"
    ], 
    "_id": "Jeremy Renner", 
    "img": "/g8gheNEdPSXWH5SnjfjTYWj5ziU.jpg", 
    "popularity": 14.416074
  }, 
  {
    "movies": [
      "The Avengers", 
      "Captain America: The First Avenger", 
      "Avengers: Age of Ultron"
    ], 
    "_id": "Chris Evans", 
    "img": "/ueIzur9vURNLoqZCdfWltnpuZTq.jpg", 
    "popularity": 14.415341
  }, 
  {
    "movies": [
      "X-Men: First Class", 
      "X-Men: Apocalypse", 
      "Star Wars: Episode II - Attack of the Clones"
    ], 
    "_id": "Rose Byrne", 
    "img": "/laJdQNmsuR2iblYUggEqr49LvwJ.jpg", 
    "popularity": 14.412694
  }
]